-- --------------------------------------------------------
-- Host:                         127.0.0.1
-- Versión del servidor:         8.0.32 - MySQL Community Server - GPL
-- SO del servidor:              Win64
-- HeidiSQL Versión:             12.3.0.6589
-- --------------------------------------------------------

/*!40101 SET @OLD_CHARACTER_SET_CLIENT=@@CHARACTER_SET_CLIENT */;
/*!40101 SET NAMES utf8 */;
/*!50503 SET NAMES utf8mb4 */;
/*!40103 SET @OLD_TIME_ZONE=@@TIME_ZONE */;
/*!40103 SET TIME_ZONE='+00:00' */;
/*!40014 SET @OLD_FOREIGN_KEY_CHECKS=@@FOREIGN_KEY_CHECKS, FOREIGN_KEY_CHECKS=0 */;
/*!40101 SET @OLD_SQL_MODE=@@SQL_MODE, SQL_MODE='NO_AUTO_VALUE_ON_ZERO' */;
/*!40111 SET @OLD_SQL_NOTES=@@SQL_NOTES, SQL_NOTES=0 */;

-- Volcando datos para la tabla manga_storage.editor: ~2 rows (aproximadamente)
INSERT INTO `editor` (`Editor_Id`, `Editor_Name`, `Editor_Country`, `Editor_WebSite`) VALUES
	(1, 'Panini Manga', 'MX', 'https://tiendapanini.com.mx/'),
	(2, 'Kamite', 'MX', 'https://kamite.com.mx/');

-- Volcando datos para la tabla manga_storage.manga_storage: ~21 rows (aproximadamente)
INSERT INTO `manga_storage` (`MS_Id`, `MS_Name`, `MS_Author`, `MS_EditorId`, `MS_StatusId`, `MS_ReadingStatus`) VALUES
	(1, 'One Piece', 'Eiichiro Oda', 1, 1, 1),
	(2, 'Gigantomaquia', 'Kentaro Miura', 1, 2, 2),
	(3, 'Sword Art Online 1 Aincrad', 'Reki Kawahara, Tamako Nakamura', 1, 2, 2),
	(4, 'Re:Zero Daiisshou (Chapter 1)', 'Daichi Matsuse, Tappei Nagatsuki', 1, 2, 2),
	(5, 'The Hellbound', 'Sang-ho Yeon, Gyu-seokChoi', 1, 2, 2),
	(6, 'Ataque de los Titanes (SO4) Guide', 'Hajime Isayama', 1, 2, 1),
	(7, 'One Piece Grand Series', 'Eiichiro Oda', 1, 1, 1),
	(8, 'Ataque de los Titanes', 'Hajime Isayama', 1, 2, 1),
	(9, 'Blue Period', 'Tsubasa Yamaguchi', 1, 1, 1),
	(10, 'Death Note Black Edition', 'Tsugumi Oba, Takeshi Obata', 1, 1, 1),
	(11, 'Demon Slayer', 'Koyoharu Gotoge', 1, 2, 1),
	(12, 'Fairy Tail', 'Hiro Mashima', 1, 2, 1),
	(13, 'Frieren - Más allá del fin del viaje', 'Tsukasa Abe', 1, 1, 1),
	(14, 'Kaiju N.8', 'Naoya Matsumoto', 1, 1, 1),
	(15, 'The Promise Neverland', 'Kaiu Shirai, Posuka Demizu', 1, 2, 1),
	(16, 'Tokyo Revengers', 'Ken Wakui', 1, 1, 1),
	(17, 'Komi-san can’t communicate', 'Tomohito Oda', 1, 1, 1),
	(18, 'Shangri-La Frontier', 'Katarina, Ryosuke Fuji', 1, 1, 1),
	(19, 'Made in Abyss', 'Akihito Tsukushi', 1, 1, 1),
	(20, 'Mashle Magia y Musculo', 'Hajime Komoto', 1, 1, 3),
	(21, 'Tokyo Revengers Guide Book', 'Ken Wakui', 1, 1, 1);

-- Volcando datos para la tabla manga_storage.ms_detail: ~125 rows (aproximadamente)
INSERT INTO `ms_detail` (`MSD_Id`, `MSD_MSId`, `MSD_Volume`, `MSD_Year`) VALUES
	(1, 1, 1, '2015-02-25'),
	(2, 1, 2, '2015-03-15'),
	(3, 1, 3, '2015-04-22'),
	(4, 1, 4, '2015-06-03'),
	(5, 1, 5, '2015-06-01'),
	(6, 1, 6, '2015-07-29'),
	(7, 1, 7, '2015-08-19'),
	(8, 1, 8, '2015-09-09'),
	(9, 1, 9, '2015-10-14'),
	(10, 1, 10, '2015-11-11'),
	(11, 1, 11, '2015-12-16'),
	(12, 1, 12, '2016-01-13'),
	(13, 1, 13, '2016-02-10'),
	(14, 1, 14, '2016-03-09'),
	(15, 1, 15, '2016-04-13'),
	(16, 1, 16, '2016-05-11'),
	(17, 1, 17, '2016-06-08'),
	(18, 7, 1, '2020-09-23'),
	(19, 7, 2, '2021-01-20'),
	(20, 7, 3, '2021-06-16'),
	(21, 7, 4, '2021-10-13'),
	(22, 7, 5, '2022-04-06'),
	(23, 2, 1, '2019-07-24'),
	(24, 4, 1, '2018-06-04'),
	(25, 4, 2, '2018-08-22'),
	(26, 6, 1, '2019-02-06'),
	(27, 6, 2, '2019-05-01'),
	(28, 6, 3, '2019-08-07'),
	(29, 3, 1, '2014-11-02'),
	(30, 3, 2, '2014-11-26'),
	(31, 5, 1, '2022-08-24'),
	(32, 5, 2, '2022-11-16'),
	(33, 8, 1, '2014-11-05'),
	(34, 8, 2, '2014-12-24'),
	(35, 8, 3, '2015-01-28'),
	(36, 8, 4, '2015-02-25'),
	(37, 8, 5, '2015-03-25'),
	(38, 8, 6, '2015-04-29'),
	(39, 8, 7, '2015-07-06'),
	(40, 8, 8, '2015-07-08'),
	(41, 8, 9, '2015-08-12'),
	(42, 9, 1, '2022-05-04'),
	(43, 9, 2, '2022-06-29'),
	(44, 9, 3, '2022-07-27'),
	(45, 9, 4, '2022-08-24'),
	(46, 9, 5, '2022-09-28'),
	(47, 9, 6, '2022-11-09'),
	(48, 10, 1, '2022-07-27'),
	(49, 10, 2, '2022-11-02'),
	(50, 11, 1, '2020-03-01'),
	(51, 11, 2, '2020-03-25'),
	(52, 11, 3, '2020-06-24'),
	(53, 11, 4, '2020-06-24'),
	(54, 11, 5, '2020-07-22'),
	(55, 11, 6, '2020-08-10'),
	(56, 11, 7, '2020-09-23'),
	(57, 11, 8, '2020-10-28'),
	(58, 11, 9, '2020-11-25'),
	(59, 11, 10, '2020-12-16'),
	(60, 11, 11, '2020-12-16'),
	(61, 12, 1, '2014-11-01'),
	(62, 12, 2, '2014-12-12'),
	(63, 12, 3, '2015-01-21'),
	(64, 12, 4, '2015-02-11'),
	(65, 12, 5, '2015-03-18'),
	(66, 12, 6, '2015-04-08'),
	(67, 12, 7, '2015-05-06'),
	(68, 12, 8, '2015-06-17'),
	(69, 12, 9, '2015-07-15'),
	(70, 12, 10, '2015-08-12'),
	(71, 12, 11, '2015-09-02'),
	(72, 12, 12, '2015-10-07'),
	(73, 12, 13, '2015-11-04'),
	(74, 13, 1, '2022-05-18'),
	(75, 13, 2, '2022-07-20'),
	(76, 13, 3, '2022-09-21'),
	(77, 13, 4, '2022-11-16'),
	(78, 14, 1, '2022-04-13'),
	(79, 14, 2, '2022-06-15'),
	(80, 14, 3, '2022-08-17'),
	(81, 14, 4, '2022-10-19'),
	(82, 15, 1, '2019-05-31'),
	(83, 15, 2, '2019-07-24'),
	(84, 15, 3, '2019-09-25'),
	(85, 15, 4, '2019-11-27'),
	(86, 15, 5, '2020-01-29'),
	(87, 15, 6, '2020-03-25'),
	(88, 16, 1, '2022-02-23'),
	(89, 16, 2, '2022-03-23'),
	(90, 16, 3, '2022-04-27'),
	(91, 16, 4, '2022-05-25'),
	(92, 16, 5, '2022-06-29'),
	(93, 16, 6, '2022-07-27'),
	(94, 16, 7, '2022-08-24'),
	(95, 16, 8, '2022-09-28'),
	(96, 16, 9, '2022-11-02'),
	(97, 17, 1, '2022-04-20'),
	(98, 17, 2, '2022-06-08'),
	(99, 17, 3, '2022-07-20'),
	(100, 17, 4, '2022-08-24'),
	(101, 17, 5, '2022-09-28'),
	(102, 17, 6, '2022-10-26'),
	(103, 17, 7, '2022-11-23'),
	(104, 18, 1, '2022-05-25'),
	(105, 18, 2, '2022-08-17'),
	(106, 18, 3, '2022-10-19'),
	(107, 19, 1, '2019-02-13'),
	(108, 19, 2, '2019-04-10'),
	(109, 19, 3, '2019-06-12'),
	(110, 19, 4, '2019-08-07'),
	(111, 19, 5, '2019-10-09'),
	(112, 19, 6, '2019-12-11'),
	(113, 19, 7, '2020-02-12'),
	(114, 20, 1, '2022-06-08'),
	(115, 18, 4, '2022-12-28'),
	(116, 18, 5, '2023-02-08'),
	(117, 18, 6, '2023-04-12'),
	(118, 10, 3, '2023-02-01'),
	(119, 10, 4, '2023-04-12'),
	(120, 16, 10, '2022-12-07'),
	(121, 16, 11, '2022-12-19'),
	(122, 21, 1, '2023-02-08'),
	(123, 14, 5, '2022-12-28'),
	(124, 14, 6, '2023-02-15'),
	(125, 14, 7, '2023-04-19');

-- Volcando datos para la tabla manga_storage.purchase: ~56 rows (aproximadamente)
INSERT INTO `purchase` (`P_Id`, `P_Date`, `P_NumMangas`, `P_TotalPrice`, `P_Discount`, `P_FinalPrice`) VALUES
	(1, '2022-05-17', 3, 297.00, 0.00, 297.00),
	(2, '2022-06-02', 7, 693.00, 0.25, 519.75),
	(3, '2022-06-03', 1, 99.00, 0.20, 79.20),
	(4, '2022-07-05', 6, 594.00, 0.00, 594.00),
	(5, '2022-05-17', 2, 198.00, 0.00, 198.00),
	(6, '2022-06-02', 3, 597.00, 0.25, 447.75),
	(7, '2022-05-25', 1, 129.00, 0.25, 96.75),
	(8, '2015-01-30', 1, 69.00, 0.00, 69.00),
	(9, '2022-06-02', 1, 99.00, 0.25, 74.25),
	(10, '2022-06-07', 2, 198.00, 0.00, 198.00),
	(11, '2022-11-19', 2, 398.00, 0.25, 298.50),
	(12, '2022-07-05', 3, 318.99, 0.00, 318.99),
	(13, '2015-01-30', 1, 69.00, 0.00, 69.00),
	(14, '2022-06-03', 2, 198.00, 0.20, 158.40),
	(15, '2022-06-03', 2, 99.00, 0.00, 198.00),
	(16, '2022-07-29', 4, 99.00, 0.00, 396.00),
	(17, '2022-05-25', 1, 139.00, 0.00, 139.00),
	(18, '2022-06-17', 1, 139.00, 0.00, 139.00),
	(19, '2022-07-15', 1, 139.00, 0.00, 139.00),
	(20, '2022-10-31', 3, 417.00, 0.20, 333.60),
	(21, '2022-07-29', 1, 379.00, 0.00, 379.00),
	(22, '2022-10-31', 1, 379.00, 0.20, 303.20),
	(23, '2022-07-15', 1, 119.00, 0.00, 379.00),
	(24, '2022-11-19', 5, 595.00, 0.25, 446.25),
	(25, '2022-06-08', 6, 594.00, 0.00, 594.00),
	(26, '2022-06-26', 1, 99.00, 0.00, 99.00),
	(27, '2022-07-01', 1, 99.00, 0.00, 99.00),
	(28, '2022-07-29', 1, 99.00, 1.00, 0.00),
	(29, '2022-11-19', 4, 396.00, 0.25, 297.00),
	(30, '2022-06-03', 1, 139.00, 0.20, 111.20),
	(31, '2022-07-15', 1, 139.00, 0.00, 139.00),
	(32, '2022-10-31', 1, 139.00, 0.20, 111.20),
	(33, '2022-11-19', 1, 139.00, 0.25, 104.25),
	(34, '2022-06-03', 1, 139.00, 0.20, 111.20),
	(35, '2022-06-07', 1, 139.00, 0.00, 139.00),
	(36, '2022-10-31', 2, 139.00, 0.20, 222.40),
	(37, '2022-07-30', 2, 198.00, 0.00, 198.00),
	(38, '2022-07-30', 2, 198.00, 1.00, 0.00),
	(39, '2022-07-30', 2, 218.00, 0.00, 218.00),
	(40, '2022-05-18', 2, 278.00, 0.00, 278.00),
	(41, '2022-05-26', 2, 278.00, 0.00, 278.00),
	(42, '2022-06-17', 1, 139.00, 0.00, 139.00),
	(43, '2022-07-15', 1, 139.00, 0.00, 139.00),
	(44, '2022-10-31', 3, 417.00, 0.20, 333.60),
	(45, '2022-06-03', 2, 278.00, 0.20, 222.40),
	(46, '2022-07-15', 1, 139.00, 0.00, 139.00),
	(47, '2022-10-31', 3, 417.00, 0.20, 333.60),
	(48, '2022-11-19', 1, 139.00, 0.25, 104.25),
	(49, '2022-06-07', 1, 199.00, 0.00, 199.00),
	(50, '2022-10-31', 2, 258.00, 0.20, 206.40),
	(51, '2022-10-31', 4, 476.00, 0.20, 380.80),
	(52, '2022-11-19', 3, 357.00, 0.25, 267.75),
	(53, '2022-07-05', 1, 139.00, 0.00, 139.00),
	(54, '2023-04-14', 3, 427.00, 0.10, 384.30),
	(55, '2023-04-14', 8, 1752.00, 0.00, 1752.00),
	(56, '2022-12-30', 5, 595.00, 0.30, 416.50);

-- Volcando datos para la tabla manga_storage.p_detail: ~125 rows (aproximadamente)
INSERT INTO `p_detail` (`PD_Id`, `PD_PId`, `PD_MSId`, `PD_MSDVolume`, `PD_UnitPrice`) VALUES
	(1, 1, 1, 1, 99.00),
	(2, 1, 1, 2, 99.00),
	(3, 1, 1, 3, 99.00),
	(4, 2, 1, 4, 99.00),
	(5, 2, 1, 5, 99.00),
	(6, 2, 1, 6, 99.00),
	(7, 2, 1, 7, 99.00),
	(8, 2, 1, 8, 99.00),
	(9, 2, 1, 9, 99.00),
	(10, 2, 1, 10, 99.00),
	(11, 3, 1, 11, 99.00),
	(12, 4, 1, 12, 99.00),
	(13, 4, 1, 13, 99.00),
	(14, 4, 1, 14, 99.00),
	(15, 4, 1, 15, 99.00),
	(16, 4, 1, 16, 99.00),
	(17, 4, 1, 17, 99.00),
	(18, 5, 7, 1, 99.00),
	(19, 5, 7, 2, 99.00),
	(20, 6, 7, 3, 199.00),
	(21, 6, 7, 4, 199.00),
	(22, 6, 7, 5, 199.00),
	(23, 7, 2, 1, 129.00),
	(24, 8, 3, 1, 69.00),
	(25, 9, 3, 2, 99.00),
	(26, 10, 4, 1, 99.00),
	(27, 10, 4, 2, 99.00),
	(28, 11, 5, 1, 199.00),
	(29, 11, 5, 2, 199.00),
	(30, 12, 6, 1, 106.33),
	(31, 12, 6, 2, 106.33),
	(32, 12, 6, 3, 106.33),
	(33, 13, 8, 1, 69.00),
	(34, 14, 8, 2, 99.00),
	(35, 14, 8, 3, 99.00),
	(36, 15, 8, 4, 99.00),
	(37, 15, 8, 5, 99.00),
	(38, 16, 8, 6, 99.00),
	(39, 16, 8, 7, 99.00),
	(40, 16, 8, 8, 99.00),
	(41, 16, 8, 9, 99.00),
	(42, 17, 9, 1, 139.00),
	(43, 18, 9, 2, 139.00),
	(44, 19, 9, 3, 139.00),
	(45, 20, 9, 4, 139.00),
	(46, 20, 9, 5, 139.00),
	(47, 20, 9, 6, 139.00),
	(48, 21, 10, 1, 379.00),
	(49, 22, 10, 2, 379.00),
	(50, 23, 11, 1, 119.00),
	(51, 24, 11, 2, 119.00),
	(52, 24, 11, 3, 119.00),
	(53, 24, 11, 4, 119.00),
	(54, 24, 11, 5, 119.00),
	(55, 24, 11, 6, 119.00),
	(56, 25, 12, 1, 119.00),
	(57, 25, 12, 2, 119.00),
	(58, 25, 12, 3, 119.00),
	(59, 25, 12, 4, 119.00),
	(60, 25, 12, 5, 119.00),
	(61, 25, 12, 6, 119.00),
	(62, 26, 12, 7, 119.00),
	(63, 27, 12, 8, 119.00),
	(64, 28, 12, 9, 119.00),
	(65, 29, 12, 10, 119.00),
	(66, 29, 12, 11, 119.00),
	(67, 29, 12, 12, 119.00),
	(68, 29, 12, 13, 119.00),
	(69, 30, 13, 1, 139.00),
	(70, 31, 13, 2, 139.00),
	(71, 32, 13, 3, 139.00),
	(72, 33, 13, 4, 139.00),
	(73, 34, 14, 1, 139.00),
	(74, 35, 14, 2, 139.00),
	(75, 36, 14, 3, 139.00),
	(76, 36, 14, 4, 139.00),
	(77, 37, 15, 1, 99.00),
	(78, 37, 15, 2, 99.00),
	(79, 38, 15, 3, 99.00),
	(80, 38, 15, 4, 99.00),
	(81, 39, 15, 5, 109.00),
	(82, 39, 15, 6, 109.00),
	(83, 40, 16, 1, 139.00),
	(84, 40, 16, 2, 139.00),
	(85, 41, 16, 3, 139.00),
	(86, 41, 16, 4, 139.00),
	(87, 42, 16, 5, 139.00),
	(88, 43, 16, 6, 139.00),
	(89, 44, 16, 7, 139.00),
	(90, 44, 16, 8, 139.00),
	(91, 44, 16, 9, 139.00),
	(92, 45, 17, 1, 139.00),
	(93, 45, 17, 2, 139.00),
	(94, 46, 17, 3, 139.00),
	(95, 47, 17, 4, 139.00),
	(96, 47, 17, 5, 139.00),
	(97, 47, 17, 6, 139.00),
	(98, 48, 17, 7, 139.00),
	(99, 49, 18, 1, 199.00),
	(100, 50, 18, 2, 129.00),
	(101, 50, 18, 3, 129.00),
	(102, 51, 19, 1, 119.00),
	(103, 51, 19, 2, 119.00),
	(104, 51, 19, 3, 119.00),
	(105, 51, 19, 4, 119.00),
	(106, 52, 19, 5, 119.00),
	(107, 52, 19, 6, 119.00),
	(108, 52, 19, 7, 119.00),
	(109, 53, 20, 1, 139.00),
	(110, 54, 18, 4, 129.00),
	(111, 54, 18, 5, 149.00),
	(112, 54, 18, 6, 149.00),
	(113, 55, 10, 3, 399.00),
	(114, 55, 10, 4, 399.00),
	(115, 55, 16, 10, 139.00),
	(116, 55, 16, 11, 139.00),
	(117, 55, 21, 1, 219.00),
	(118, 55, 14, 5, 139.00),
	(119, 55, 14, 6, 159.00),
	(120, 55, 14, 7, 159.00),
	(132, 56, 11, 7, 119.00),
	(133, 56, 11, 8, 119.00),
	(134, 56, 11, 9, 119.00),
	(135, 56, 11, 10, 119.00),
	(136, 56, 11, 11, 119.00);

-- Volcando datos para la tabla manga_storage.reading_status: ~3 rows (aproximadamente)
INSERT INTO `reading_status` (`RS_Id`, `RS_Description`) VALUES
	(1, 'Reading'),
	(2, 'Completed'),
	(3, 'Dropped');

-- Volcando datos para la tabla manga_storage.status: ~3 rows (aproximadamente)
INSERT INTO `status` (`Status_Id`, `Status_Description`) VALUES
	(1, 'Publishing'),
	(2, 'Finished'),
	(3, 'Canceled');

/*!40103 SET TIME_ZONE=IFNULL(@OLD_TIME_ZONE, 'system') */;
/*!40101 SET SQL_MODE=IFNULL(@OLD_SQL_MODE, '') */;
/*!40014 SET FOREIGN_KEY_CHECKS=IFNULL(@OLD_FOREIGN_KEY_CHECKS, 1) */;
/*!40101 SET CHARACTER_SET_CLIENT=@OLD_CHARACTER_SET_CLIENT */;
/*!40111 SET SQL_NOTES=IFNULL(@OLD_SQL_NOTES, 1) */;
